[
    { "term": "Rosa", "definition": "Pink" },
    { "term": "Vermelho", "definition": "Red" },
    { "term": "Verde", "definition": "Green" },
    { "term": "Azul", "definition": "Blue" },
    { "term": "Amarelo", "definition": "Yellow" },
    { "term": "Cinza", "definition": "gray" },
    { "term": "Preto", "definition": "black" },
    { "term": "Branco", "definition": "white" },
    { "term": "Violeta", "definition": "violet" },
    { "term": "Roxo", "definition": "purple" }
  ]
  